resourceGroup,resourceType,policyDefinitionReferenceId,policyDefinitionId,ResourceName,Description,Status,Remark
rgrp-lta-bmms-uat-05,Microsoft.ContainerRegistry/registries,azurecontainerregistryvulnerabilityassessment,/providers/microsoft.authorization/policydefinitions/090c7b07-b4ed-4561-ad20-e9075f3ccaff,acrltabmmsuatocp4x0f48,Azure Container Registry should undergo vulnerability assessments to identify risks.,Not Fixed,
rgrp-lta-bmms-uat-05,Microsoft.ContainerRegistry/registries,containerregistriesshoulduseprivatelinkmonitoringeffect,/providers/microsoft.authorization/policydefinitions/e8eef0a8-67cf-4eb4-9386-14b0e78733d4,acrltabmmsuatocp4x0f48,Container registries should use private link connections for secure access.,Not Fixed,
rgrp-lta-bmms-uat-05,Microsoft.ContainerRegistry/registries,containerregistriesshouldnotallowunrestrictednetworkaccessmonitoringeffect,/providers/microsoft.authorization/policydefinitions/d0793b48-0edc-4296-a390-4c75d1bdfd71,acrltabmmsuatocp4x0f48,Container registries should not allow unrestricted network access to prevent data exposure.,Not Fixed,
rgrp-lta-bmms-uat-03,Microsoft.Network/virtualNetworks,azurefirewalleffect,/providers/microsoft.authorization/policydefinitions/fc5e4038-4584-4632-8c85-c0448d374b2c,cmt-lta-bmms-uat-application-01,Azure Security Center has identified that some of your subnets aren't protected with a next generation firewall. Protect your subnets from potential threats by restricting access to them with Azure Firewall or a supported next generation firewall,Fixed,Attach route table from palo alto firewall to subnets
rgrp-lta-bmms-uat-03,Microsoft.Network/virtualNetworks,vnetenableddosprotectionmonitoring,/providers/microsoft.authorization/policydefinitions/a7aca53f-2ed4-4466-a25e-0b45ade68efd,cmt-lta-bmms-uat-application-01,Virtual networks should have DDoS protection enabled to prevent attacks.,Not Fixed,
rgrp-lta-bmms-uat-04,Microsoft.Network/virtualNetworks,vnetenableddosprotectionmonitoring,/providers/microsoft.authorization/policydefinitions/a7aca53f-2ed4-4466-a25e-0b45ade68efd,cmt-lta-bmms-uat-bastion-01,Virtual networks should have DDoS protection enabled to prevent attacks.,Not Fixed,
rgrp-lta-bmms-uat-04,Microsoft.Network/virtualNetworks,vnetenableddosprotectionmonitoring,/providers/microsoft.authorization/policydefinitions/a7aca53f-2ed4-4466-a25e-0b45ade68efd,cmt-lta-bmms-uat-common-01,Virtual networks should have DDoS protection enabled to prevent attacks.,Not Fixed,
rgrp-lta-bmms-uat-01,Microsoft.Compute/virtualMachines,linuxvirtualmachineshouldusesignedandtrustedbootcomponenteffect,/providers/microsoft.authorization/policydefinitions/13a6c84f-49a5-410a-b5df-5b880c3fe009,paloalto-firewall,Linux virtual machines should use signed and trusted boot components for secure boot.,,
rgrp-lta-bmms-uat-02,Microsoft.Network/virtualNetworks,vnetenableddosprotectionmonitoring,/providers/microsoft.authorization/policydefinitions/a7aca53f-2ed4-4466-a25e-0b45ade68efd,cmt-lta-bmms-uat-intranet-01,Virtual networks should have DDoS protection enabled to prevent attacks.,Not Fixed,
rgrp-lta-bmms-uat-03,Microsoft.Web/sites,managedidentityshouldbeusedinyourfunctionappmonitoringeffect,/providers/microsoft.authorization/policydefinitions/0da106f2-4ca3-48e8-bc85-c638fe6aea8f,fapython-lta-bmms-uat-ocp4-x0f48,Function Apps should use managed identities for secure access to other Azure services.,Not Fixed,
rgrp-lta-bmms-uat-03,Microsoft.Web/sites,latesttlsversionshouldbeusedinyourfunctionappmonitoringeffect,/providers/microsoft.authorization/policydefinitions/f9d614c5-c173-4d56-95a7-b4437057d193,fapython-lta-bmms-uat-ocp4-x0f48,Function Apps should use the latest TLS versions to ensure secure communication.,Not Fixed,"Although TLS 1.3 is more secure, Azure Functions does NOT currently support TLS 1.3 via Terraform.
Even if Azure Portal shows TLS 1.3 as an option, the Terraform AzureRM provider has not added support for it as of the latest versions."
rgrp-lta-bmms-uat-05,Microsoft.Storage/storageAccounts,storageaccountshoulduseaprivatelinkconnectionmonitoringeffect,/providers/microsoft.authorization/policydefinitions/6edd7eda-6dd8-40f7-810d-67160c639cd9,imageregistryocp4x07hpls,Storage accounts should be accessed using private link connections to enhance security.,Not Fixed,
rgrp-lta-bmms-uat-05,Microsoft.Storage/storageAccounts,storageaccountsshouldpreventsharedkeyaccess,/providers/microsoft.authorization/policydefinitions/8c6a50c6-9ffd-4ae7-986f-5fa6111f9a54,imageregistryocp4x07hpls,Storage accounts should prevent shared key access to limit unauthorized access.,Not Fixed,
rgrp-lta-bmms-uat-05,Microsoft.Storage/storageAccounts,storageaccountsshouldrestrictnetworkaccessusingvirtualnetworkrulesmonitoringeffect,/providers/microsoft.authorization/policydefinitions/2a1a9cdf-e04d-429a-8416-3bfb72a1b26f,imageregistryocp4x07hpls,Storage accounts should restrict network access using virtual network rules.,Not Fixed,
rgrp-lta-bmms-uat-04,Microsoft.Compute/virtualMachines,linuxvirtualmachineshouldusesignedandtrustedbootcomponenteffect,/providers/microsoft.authorization/policydefinitions/13a6c84f-49a5-410a-b5df-5b880c3fe009,vmuatmscnness01,Linux virtual machines should use signed and trusted boot components for secure boot.,,
rgrp-lta-bmms-uat-05,Microsoft.Compute/virtualMachines,restrictaccesstomanagementportsmonitoring,/providers/microsoft.authorization/policydefinitions/22730e10-96f6-4aac-ad84-9383d35b5917,ocp4-x0f48-bootstrap,Access to management ports should be restricted to limit attack vectors.,Not Fixed,
rgrp-lta-bmms-uat-01,Microsoft.Compute/virtualMachines,restrictaccesstomanagementportsmonitoring,/providers/microsoft.authorization/policydefinitions/22730e10-96f6-4aac-ad84-9383d35b5917,paloalto-firewall,Access to management ports should be restricted to limit attack vectors.,,
rgrp-lta-bmms-uat-05,Microsoft.Compute/virtualMachines,restrictaccesstomanagementportsmonitoring,/providers/microsoft.authorization/policydefinitions/22730e10-96f6-4aac-ad84-9383d35b5917,vmuataaccocpm01,Access to management ports should be restricted to limit attack vectors.,Fixed,
rgrp-lta-bmms-uat-05,Microsoft.Compute/virtualMachines,restrictaccesstomanagementportsmonitoring,/providers/microsoft.authorization/policydefinitions/22730e10-96f6-4aac-ad84-9383d35b5917,vmuataaccocpm02,Access to management ports should be restricted to limit attack vectors.,Fixed,
rgrp-lta-bmms-uat-05,Microsoft.Compute/virtualMachines,restrictaccesstomanagementportsmonitoring,/providers/microsoft.authorization/policydefinitions/22730e10-96f6-4aac-ad84-9383d35b5917,vmuataaccocpm03,Access to management ports should be restricted to limit attack vectors.,Fixed,
rgrp-lta-bmms-uat-05,Microsoft.Compute/virtualMachines,restrictaccesstomanagementportsmonitoring,/providers/microsoft.authorization/policydefinitions/22730e10-96f6-4aac-ad84-9383d35b5917,vmuataaccocpw01-lmhtz,Access to management ports should be restricted to limit attack vectors.,Fixed,
rgrp-lta-bmms-uat-05,Microsoft.Compute/virtualMachines,restrictaccesstomanagementportsmonitoring,/providers/microsoft.authorization/policydefinitions/22730e10-96f6-4aac-ad84-9383d35b5917,vmuataaccocpw02-w7kdb,Access to management ports should be restricted to limit attack vectors.,Fixed,
rgrp-lta-bmms-uat-05,Microsoft.Compute/virtualMachines,restrictaccesstomanagementportsmonitoring,/providers/microsoft.authorization/policydefinitions/22730e10-96f6-4aac-ad84-9383d35b5917,vmuataaccocpw03-dqrb2,Access to management ports should be restricted to limit attack vectors.,Fixed,
rgrp-lta-bmms-uat-03,Microsoft.Compute/virtualMachines,restrictaccesstomanagementportsmonitoring,/providers/microsoft.authorization/policydefinitions/22730e10-96f6-4aac-ad84-9383d35b5917,vmuataapwdata01,Access to management ports should be restricted to limit attack vectors.,Fixed,
rgrp-lta-bmms-uat-04,Microsoft.Compute/virtualMachines,restrictaccesstomanagementportsmonitoring,/providers/microsoft.authorization/policydefinitions/22730e10-96f6-4aac-ad84-9383d35b5917,vmuatmcowcon01,Access to management ports should be restricted to limit attack vectors.,Fixed,
rgrp-lta-bmms-uat-04,Microsoft.Compute/virtualMachines,restrictaccesstomanagementportsmonitoring,/providers/microsoft.authorization/policydefinitions/22730e10-96f6-4aac-ad84-9383d35b5917,vmuatmidwad01,Access to management ports should be restricted to limit attack vectors.,Fixed,
rgrp-lta-bmms-uat-04,Microsoft.Compute/virtualMachines,restrictaccesstomanagementportsmonitoring,/providers/microsoft.authorization/policydefinitions/22730e10-96f6-4aac-ad84-9383d35b5917,vmuatmpmwwsus01,Access to management ports should be restricted to limit attack vectors.,Fixed,
rgrp-lta-bmms-uat-04,Microsoft.Compute/virtualMachines,restrictaccesstomanagementportsmonitoring,/providers/microsoft.authorization/policydefinitions/22730e10-96f6-4aac-ad84-9383d35b5917,vmuatmscnness01,Access to management ports should be restricted to limit attack vectors.,Fixed,
rgrp-lta-bmms-uat-04,Microsoft.Compute/virtualMachines,restrictaccesstomanagementportsmonitoring,/providers/microsoft.authorization/policydefinitions/22730e10-96f6-4aac-ad84-9383d35b5917,vmuatmscwablr01,Access to management ports should be restricted to limit attack vectors.,Fixed,
rgrp-lta-bmms-uat-05,Microsoft.Compute/virtualMachines,azurebackupshouldbeenabledforvirtualmachinesmonitoringeffect,/providers/microsoft.authorization/policydefinitions/013e242c-8828-4970-87b3-ab247555486d,ocp4-x0f48-bootstrap,Azure Backup should be enabled for virtual machines to ensure data protection.,Not Fixed,
rgrp-lta-bmms-uat-01,Microsoft.Compute/virtualMachines,azurebackupshouldbeenabledforvirtualmachinesmonitoringeffect,/providers/microsoft.authorization/policydefinitions/013e242c-8828-4970-87b3-ab247555486d,paloalto-firewall,Azure Backup should be enabled for virtual machines to ensure data protection.,Fixed,
rgrp-lta-bmms-uat-05,Microsoft.Compute/virtualMachines,azurebackupshouldbeenabledforvirtualmachinesmonitoringeffect,/providers/microsoft.authorization/policydefinitions/013e242c-8828-4970-87b3-ab247555486d,vmuataaccocpm01,Azure Backup should be enabled for virtual machines to ensure data protection.,,
rgrp-lta-bmms-uat-05,Microsoft.Compute/virtualMachines,azurebackupshouldbeenabledforvirtualmachinesmonitoringeffect,/providers/microsoft.authorization/policydefinitions/013e242c-8828-4970-87b3-ab247555486d,vmuataaccocpm02,Azure Backup should be enabled for virtual machines to ensure data protection.,,
rgrp-lta-bmms-uat-05,Microsoft.Compute/virtualMachines,azurebackupshouldbeenabledforvirtualmachinesmonitoringeffect,/providers/microsoft.authorization/policydefinitions/013e242c-8828-4970-87b3-ab247555486d,vmuataaccocpm03,Azure Backup should be enabled for virtual machines to ensure data protection.,,
rgrp-lta-bmms-uat-05,Microsoft.Compute/virtualMachines,azurebackupshouldbeenabledforvirtualmachinesmonitoringeffect,/providers/microsoft.authorization/policydefinitions/013e242c-8828-4970-87b3-ab247555486d,vmuataaccocpw01-lmhtz,Azure Backup should be enabled for virtual machines to ensure data protection.,,
rgrp-lta-bmms-uat-05,Microsoft.Compute/virtualMachines,azurebackupshouldbeenabledforvirtualmachinesmonitoringeffect,/providers/microsoft.authorization/policydefinitions/013e242c-8828-4970-87b3-ab247555486d,vmuataaccocpw02-w7kdb,Azure Backup should be enabled for virtual machines to ensure data protection.,,
rgrp-lta-bmms-uat-05,Microsoft.Compute/virtualMachines,azurebackupshouldbeenabledforvirtualmachinesmonitoringeffect,/providers/microsoft.authorization/policydefinitions/013e242c-8828-4970-87b3-ab247555486d,vmuataaccocpw03-dqrb2,Azure Backup should be enabled for virtual machines to ensure data protection.,,
rgrp-lta-bmms-uat-03,Microsoft.Compute/virtualMachines,azurebackupshouldbeenabledforvirtualmachinesmonitoringeffect,/providers/microsoft.authorization/policydefinitions/013e242c-8828-4970-87b3-ab247555486d,vmuataapwdata01,Azure Backup should be enabled for virtual machines to ensure data protection.,Fixed,
rgrp-lta-bmms-uat-04,Microsoft.Compute/virtualMachines,azurebackupshouldbeenabledforvirtualmachinesmonitoringeffect,/providers/microsoft.authorization/policydefinitions/013e242c-8828-4970-87b3-ab247555486d,vmuatmcowcon01,Azure Backup should be enabled for virtual machines to ensure data protection.,Fixed,
rgrp-lta-bmms-uat-04,Microsoft.Compute/virtualMachines,azurebackupshouldbeenabledforvirtualmachinesmonitoringeffect,/providers/microsoft.authorization/policydefinitions/013e242c-8828-4970-87b3-ab247555486d,vmuatmidwad01,Azure Backup should be enabled for virtual machines to ensure data protection.,Fixed,
rgrp-lta-bmms-uat-04,Microsoft.Compute/virtualMachines,azurebackupshouldbeenabledforvirtualmachinesmonitoringeffect,/providers/microsoft.authorization/policydefinitions/013e242c-8828-4970-87b3-ab247555486d,vmuatmpmwwsus01,Azure Backup should be enabled for virtual machines to ensure data protection.,Fixed,
rgrp-lta-bmms-uat-04,Microsoft.Compute/virtualMachines,azurebackupshouldbeenabledforvirtualmachinesmonitoringeffect,/providers/microsoft.authorization/policydefinitions/013e242c-8828-4970-87b3-ab247555486d,vmuatmscnness01,Azure Backup should be enabled for virtual machines to ensure data protection.,Fixed,
rgrp-lta-bmms-uat-04,Microsoft.Compute/virtualMachines,azurebackupshouldbeenabledforvirtualmachinesmonitoringeffect,/providers/microsoft.authorization/policydefinitions/013e242c-8828-4970-87b3-ab247555486d,vmuatmscwablr01,Azure Backup should be enabled for virtual machines to ensure data protection.,Fixed,
rgrp-lta-bmms-uat-05,Microsoft.Compute/virtualMachines,gcextonvmmonitoring,/providers/microsoft.authorization/policydefinitions/ae89ebca-1c92-4898-ac2c-9f63decb045c,ocp4-x0f48-bootstrap,GC Extensions should be enabled on virtual machines for enhanced monitoring.,Not Fixed,
rgrp-lta-bmms-uat-01,Microsoft.Compute/virtualMachines,gcextonvmmonitoring,/providers/microsoft.authorization/policydefinitions/ae89ebca-1c92-4898-ac2c-9f63decb045c,paloalto-firewall,GC Extensions should be enabled on virtual machines for enhanced monitoring.,Not Fixed,Microsoft.GuestConfiguration is not enable in the subscription
rgrp-lta-bmms-uat-05,Microsoft.Compute/virtualMachines,gcextonvmmonitoring,/providers/microsoft.authorization/policydefinitions/ae89ebca-1c92-4898-ac2c-9f63decb045c,vmuataaccocpm01,GC Extensions should be enabled on virtual machines for enhanced monitoring.,,
rgrp-lta-bmms-uat-05,Microsoft.Compute/virtualMachines,gcextonvmmonitoring,/providers/microsoft.authorization/policydefinitions/ae89ebca-1c92-4898-ac2c-9f63decb045c,vmuataaccocpm02,GC Extensions should be enabled on virtual machines for enhanced monitoring.,,
rgrp-lta-bmms-uat-03,Microsoft.Storage/storageAccounts,storageaccountsshouldpreventsharedkeyaccess,/providers/microsoft.authorization/policydefinitions/8c6a50c6-9ffd-4ae7-986f-5fa6111f9a54,safaltabmmsuatocp4x0f48,Storage accounts should prevent shared key access to limit unauthorized access.,Not Fixed,
rgrp-lta-bmms-uat-03,Microsoft.Storage/storageAccounts,storagedisallowpublicaccess,/providers/microsoft.authorization/policydefinitions/4fa4b6c0-31ca-4c0d-b10d-24b96f62a751,safaltabmmsuatocp4x0f48,Storage accounts should not allow public access to protect sensitive data.,,
rgrp-lta-bmms-uat-05,Microsoft.Storage/storageAccounts,storageaccountsshouldpreventsharedkeyaccess,/providers/microsoft.authorization/policydefinitions/8c6a50c6-9ffd-4ae7-986f-5fa6111f9a54,sal6cn7ltabmmsuat01,Storage accounts should prevent shared key access to limit unauthorized access.,Not Fixed,
rgrp-lta-bmms-uat-05,Microsoft.Storage/storageAccounts,storagedisallowpublicaccess,/providers/microsoft.authorization/policydefinitions/4fa4b6c0-31ca-4c0d-b10d-24b96f62a751,sal6cn7ltabmmsuat01,Storage accounts should not allow public access to protect sensitive data.,,
rgrp-lta-bmms-uat-05,Microsoft.Compute/virtualMachines,gcextonvmmonitoring,/providers/microsoft.authorization/policydefinitions/ae89ebca-1c92-4898-ac2c-9f63decb045c,vmuataaccocpm03,GC Extensions should be enabled on virtual machines for enhanced monitoring.,,
rgrp-lta-bmms-uat-05,Microsoft.Compute/virtualMachines,gcextonvmmonitoring,/providers/microsoft.authorization/policydefinitions/ae89ebca-1c92-4898-ac2c-9f63decb045c,vmuataaccocpw01-lmhtz,GC Extensions should be enabled on virtual machines for enhanced monitoring.,,
rgrp-lta-bmms-uat-05,Microsoft.Compute/virtualMachines,gcextonvmmonitoring,/providers/microsoft.authorization/policydefinitions/ae89ebca-1c92-4898-ac2c-9f63decb045c,vmuataaccocpw02-w7kdb,GC Extensions should be enabled on virtual machines for enhanced monitoring.,,
rgrp-lta-bmms-uat-05,Microsoft.Compute/virtualMachines,gcextonvmmonitoring,/providers/microsoft.authorization/policydefinitions/ae89ebca-1c92-4898-ac2c-9f63decb045c,vmuataaccocpw03-dqrb2,GC Extensions should be enabled on virtual machines for enhanced monitoring.,,
rgrp-lta-bmms-uat-03,Microsoft.Compute/virtualMachines,gcextonvmmonitoring,/providers/microsoft.authorization/policydefinitions/ae89ebca-1c92-4898-ac2c-9f63decb045c,vmuataapwdata01,GC Extensions should be enabled on virtual machines for enhanced monitoring.,Not Fixed,Microsoft.GuestConfiguration is not enable in the subscription
rgrp-lta-bmms-uat-04,Microsoft.Compute/virtualMachines,gcextonvmmonitoring,/providers/microsoft.authorization/policydefinitions/ae89ebca-1c92-4898-ac2c-9f63decb045c,vmuatmcowcon01,GC Extensions should be enabled on virtual machines for enhanced monitoring.,Not Fixed,Microsoft.GuestConfiguration is not enable in the subscription
rgrp-lta-bmms-uat-04,Microsoft.Compute/virtualMachines,gcextonvmmonitoring,/providers/microsoft.authorization/policydefinitions/ae89ebca-1c92-4898-ac2c-9f63decb045c,vmuatmidwad01,GC Extensions should be enabled on virtual machines for enhanced monitoring.,Not Fixed,Microsoft.GuestConfiguration is not enable in the subscription
rgrp-lta-bmms-uat-04,Microsoft.Compute/virtualMachines,gcextonvmmonitoring,/providers/microsoft.authorization/policydefinitions/ae89ebca-1c92-4898-ac2c-9f63decb045c,vmuatmpmwwsus01,GC Extensions should be enabled on virtual machines for enhanced monitoring.,Not Fixed,Microsoft.GuestConfiguration is not enable in the subscription
rgrp-lta-bmms-uat-04,Microsoft.Compute/virtualMachines,gcextonvmmonitoring,/providers/microsoft.authorization/policydefinitions/ae89ebca-1c92-4898-ac2c-9f63decb045c,vmuatmscnness01,GC Extensions should be enabled on virtual machines for enhanced monitoring.,Not Fixed,Microsoft.GuestConfiguration is not enable in the subscription
rgrp-lta-bmms-uat-04,Microsoft.Compute/virtualMachines,gcextonvmmonitoring,/providers/microsoft.authorization/policydefinitions/ae89ebca-1c92-4898-ac2c-9f63decb045c,vmuatmscwablr01,GC Extensions should be enabled on virtual machines for enhanced monitoring.,Not Fixed,Microsoft.GuestConfiguration is not enable in the subscription
rgrp-lta-bmms-uat-05,Microsoft.Compute/virtualMachines,disableipforwardingmonitoring,/providers/microsoft.authorization/policydefinitions/bd352bd5-2853-4985-bf0d-73806b4a5744,ocp4-x0f48-bootstrap,IP forwarding should be disabled to prevent unauthorized routing of traffic.,Not Fixed,
rgrp-lta-bmms-uat-01,Microsoft.Compute/virtualMachines,servervulnerabilityassessment,/providers/microsoft.authorization/policydefinitions/501541f7-f7e7-4cd6-868c-4190fdad3ac9,paloalto-firewall,Servers should undergo vulnerability assessments to identify security weaknesses.,,
rgrp-lta-bmms-uat-05,Microsoft.Compute/virtualMachines,disableipforwardingmonitoring,/providers/microsoft.authorization/policydefinitions/bd352bd5-2853-4985-bf0d-73806b4a5744,vmuataaccocpm01,IP forwarding should be disabled to prevent unauthorized routing of traffic.,,
rgrp-lta-bmms-uat-05,Microsoft.Compute/virtualMachines,disableipforwardingmonitoring,/providers/microsoft.authorization/policydefinitions/bd352bd5-2853-4985-bf0d-73806b4a5744,vmuataaccocpm02,IP forwarding should be disabled to prevent unauthorized routing of traffic.,,
rgrp-lta-bmms-uat-05,Microsoft.Compute/virtualMachines,disableipforwardingmonitoring,/providers/microsoft.authorization/policydefinitions/bd352bd5-2853-4985-bf0d-73806b4a5744,vmuataaccocpm03,IP forwarding should be disabled to prevent unauthorized routing of traffic.,,
rgrp-lta-bmms-uat-05,Microsoft.Compute/virtualMachines,disableipforwardingmonitoring,/providers/microsoft.authorization/policydefinitions/bd352bd5-2853-4985-bf0d-73806b4a5744,vmuataaccocpw01-lmhtz,IP forwarding should be disabled to prevent unauthorized routing of traffic.,,
rgrp-lta-bmms-uat-05,Microsoft.Compute/virtualMachines,disableipforwardingmonitoring,/providers/microsoft.authorization/policydefinitions/bd352bd5-2853-4985-bf0d-73806b4a5744,vmuataaccocpw02-w7kdb,IP forwarding should be disabled to prevent unauthorized routing of traffic.,,
rgrp-lta-bmms-uat-05,Microsoft.Compute/virtualMachines,disableipforwardingmonitoring,/providers/microsoft.authorization/policydefinitions/bd352bd5-2853-4985-bf0d-73806b4a5744,vmuataaccocpw03-dqrb2,IP forwarding should be disabled to prevent unauthorized routing of traffic.,,
rgrp-lta-bmms-uat-03,Microsoft.Compute/virtualMachines,servervulnerabilityassessment,/providers/microsoft.authorization/policydefinitions/501541f7-f7e7-4cd6-868c-4190fdad3ac9,vmuataapwdata01,Servers should undergo vulnerability assessments to identify security weaknesses.,Fixed,
rgrp-lta-bmms-uat-04,Microsoft.Compute/virtualMachines,servervulnerabilityassessment,/providers/microsoft.authorization/policydefinitions/501541f7-f7e7-4cd6-868c-4190fdad3ac9,vmuatmcowcon01,Servers should undergo vulnerability assessments to identify security weaknesses.,Fixed,
rgrp-lta-bmms-uat-04,Microsoft.Compute/virtualMachines,servervulnerabilityassessment,/providers/microsoft.authorization/policydefinitions/501541f7-f7e7-4cd6-868c-4190fdad3ac9,vmuatmidwad01,Servers should undergo vulnerability assessments to identify security weaknesses.,Fixed,
rgrp-lta-bmms-uat-04,Microsoft.Compute/virtualMachines,servervulnerabilityassessment,/providers/microsoft.authorization/policydefinitions/501541f7-f7e7-4cd6-868c-4190fdad3ac9,vmuatmpmwwsus01,Servers should undergo vulnerability assessments to identify security weaknesses.,Fixed,
rgrp-lta-bmms-uat-04,Microsoft.Compute/virtualMachines,servervulnerabilityassessment,/providers/microsoft.authorization/policydefinitions/501541f7-f7e7-4cd6-868c-4190fdad3ac9,vmuatmscnness01,Servers should undergo vulnerability assessments to identify security weaknesses.,Fixed,
rgrp-lta-bmms-uat-04,Microsoft.Compute/virtualMachines,servervulnerabilityassessment,/providers/microsoft.authorization/policydefinitions/501541f7-f7e7-4cd6-868c-4190fdad3ac9,vmuatmscwablr01,Servers should undergo vulnerability assessments to identify security weaknesses.,Fixed,
rgrp-lta-bmms-uat-05,Microsoft.Compute/virtualMachines,jitnetworkaccessmonitoring,/providers/microsoft.authorization/policydefinitions/b0f33259-77d7-4c9e-aac6-3aabcfae693c,ocp4-x0f48-bootstrap,Just-in-time (JIT) network access should be enabled to limit access to VMs.,Not Fixed,
rgrp-lta-bmms-uat-05,Microsoft.Compute/virtualMachines,jitnetworkaccessmonitoring,/providers/microsoft.authorization/policydefinitions/b0f33259-77d7-4c9e-aac6-3aabcfae693c,vmuataaccocpw01-lmhtz,Just-in-time (JIT) network access should be enabled to limit access to VMs.,,
rgrp-lta-bmms-uat-05,Microsoft.Compute/virtualMachines,jitnetworkaccessmonitoring,/providers/microsoft.authorization/policydefinitions/b0f33259-77d7-4c9e-aac6-3aabcfae693c,vmuataaccocpw02-w7kdb,Just-in-time (JIT) network access should be enabled to limit access to VMs.,,
rgrp-lta-bmms-uat-05,Microsoft.Compute/virtualMachines,jitnetworkaccessmonitoring,/providers/microsoft.authorization/policydefinitions/b0f33259-77d7-4c9e-aac6-3aabcfae693c,vmuataaccocpw03-dqrb2,Just-in-time (JIT) network access should be enabled to limit access to VMs.,,
rgrp-lta-bmms-uat-05,Microsoft.Compute/virtualMachines,gclinuxdiskencryptionmonitoring,/providers/microsoft.authorization/policydefinitions/ca88aadc-6e2b-416c-9de2-5a0f01d1693f,ocp4-x0f48-bootstrap,Linux disks should use encryption to secure data at rest.,Not Fixed,
rgrp-lta-bmms-uat-03,Microsoft.Compute/virtualMachines,windowswebserversshouldbeconfiguredtousesecurecommunicationprotocolsmonitoringeffect,/providers/microsoft.authorization/policydefinitions/5752e6d6-1206-46d8-8ab1-ecc2f71a8112,vmuataapwdata01,Windows web servers should use secure communication protocols such as HTTPS.,,
rgrp-lta-bmms-uat-05,Microsoft.Compute/virtualMachines,gclinuxdiskencryptionmonitoring,/providers/microsoft.authorization/policydefinitions/ca88aadc-6e2b-416c-9de2-5a0f01d1693f,vmuataaccocpm01,Linux disks should use encryption to secure data at rest.,,
rgrp-lta-bmms-uat-05,Microsoft.Compute/virtualMachines,gclinuxdiskencryptionmonitoring,/providers/microsoft.authorization/policydefinitions/ca88aadc-6e2b-416c-9de2-5a0f01d1693f,vmuataaccocpm02,Linux disks should use encryption to secure data at rest.,,
rgrp-lta-bmms-uat-05,Microsoft.Compute/virtualMachines,gclinuxdiskencryptionmonitoring,/providers/microsoft.authorization/policydefinitions/ca88aadc-6e2b-416c-9de2-5a0f01d1693f,vmuataaccocpm03,Linux disks should use encryption to secure data at rest.,,
rgrp-lta-bmms-uat-05,Microsoft.Compute/virtualMachines,gclinuxdiskencryptionmonitoring,/providers/microsoft.authorization/policydefinitions/ca88aadc-6e2b-416c-9de2-5a0f01d1693f,vmuataaccocpw01-lmhtz,Linux disks should use encryption to secure data at rest.,,
rgrp-lta-bmms-uat-05,Microsoft.Compute/virtualMachines,gclinuxdiskencryptionmonitoring,/providers/microsoft.authorization/policydefinitions/ca88aadc-6e2b-416c-9de2-5a0f01d1693f,vmuataaccocpw02-w7kdb,Linux disks should use encryption to secure data at rest.,,
rgrp-lta-bmms-uat-05,Microsoft.Compute/virtualMachines,gclinuxdiskencryptionmonitoring,/providers/microsoft.authorization/policydefinitions/ca88aadc-6e2b-416c-9de2-5a0f01d1693f,vmuataaccocpw03-dqrb2,Linux disks should use encryption to secure data at rest.,,
rgrp-lta-bmms-uat-04,Microsoft.Compute/virtualMachines,windowswebserversshouldbeconfiguredtousesecurecommunicationprotocolsmonitoringeffect,/providers/microsoft.authorization/policydefinitions/5752e6d6-1206-46d8-8ab1-ecc2f71a8112,vmuatmcowcon01,Windows web servers should use secure communication protocols such as HTTPS.,,
rgrp-lta-bmms-uat-05,Microsoft.Compute/virtualMachines,linuxguestconfigbaselinesmonitoring,/providers/microsoft.authorization/policydefinitions/fc9b3da7-8347-4380-8e70-0a0361d8dedd,ocp4-x0f48-bootstrap,Linux virtual machines should comply with guest configuration baselines.,Not Fixed,
rgrp-lta-bmms-uat-04,Microsoft.Compute/virtualMachines,windowswebserversshouldbeconfiguredtousesecurecommunicationprotocolsmonitoringeffect,/providers/microsoft.authorization/policydefinitions/5752e6d6-1206-46d8-8ab1-ecc2f71a8112,vmuatmidwad01,Windows web servers should use secure communication protocols such as HTTPS.,Not Fixed,
rgrp-lta-bmms-uat-05,Microsoft.Compute/virtualMachines,linuxguestconfigbaselinesmonitoring,/providers/microsoft.authorization/policydefinitions/fc9b3da7-8347-4380-8e70-0a0361d8dedd,vmuataaccocpm01,Linux virtual machines should comply with guest configuration baselines.,,
rgrp-lta-bmms-uat-05,Microsoft.Compute/virtualMachines,linuxguestconfigbaselinesmonitoring,/providers/microsoft.authorization/policydefinitions/fc9b3da7-8347-4380-8e70-0a0361d8dedd,vmuataaccocpm02,Linux virtual machines should comply with guest configuration baselines.,,
rgrp-lta-bmms-uat-05,Microsoft.Compute/virtualMachines,linuxguestconfigbaselinesmonitoring,/providers/microsoft.authorization/policydefinitions/fc9b3da7-8347-4380-8e70-0a0361d8dedd,vmuataaccocpm03,Linux virtual machines should comply with guest configuration baselines.,,
rgrp-lta-bmms-uat-05,Microsoft.Compute/virtualMachines,linuxguestconfigbaselinesmonitoring,/providers/microsoft.authorization/policydefinitions/fc9b3da7-8347-4380-8e70-0a0361d8dedd,vmuataaccocpw01-lmhtz,Linux virtual machines should comply with guest configuration baselines.,,
rgrp-lta-bmms-uat-05,Microsoft.Compute/virtualMachines,linuxguestconfigbaselinesmonitoring,/providers/microsoft.authorization/policydefinitions/fc9b3da7-8347-4380-8e70-0a0361d8dedd,vmuataaccocpw02-w7kdb,Linux virtual machines should comply with guest configuration baselines.,,
rgrp-lta-bmms-uat-05,Microsoft.Compute/virtualMachines,linuxguestconfigbaselinesmonitoring,/providers/microsoft.authorization/policydefinitions/fc9b3da7-8347-4380-8e70-0a0361d8dedd,vmuataaccocpw03-dqrb2,Linux virtual machines should comply with guest configuration baselines.,,
rgrp-lta-bmms-uat-04,Microsoft.Compute/virtualMachines,windowswebserversshouldbeconfiguredtousesecurecommunicationprotocolsmonitoringeffect,/providers/microsoft.authorization/policydefinitions/5752e6d6-1206-46d8-8ab1-ecc2f71a8112,vmuatmpmwwsus01,Windows web servers should use secure communication protocols such as HTTPS.,,
rgrp-lta-bmms-uat-05,Microsoft.Compute/virtualMachines,linuxvirtualmachineshouldusesignedandtrustedbootcomponenteffect,/providers/microsoft.authorization/policydefinitions/13a6c84f-49a5-410a-b5df-5b880c3fe009,ocp4-x0f48-bootstrap,Linux virtual machines should use signed and trusted boot components for secure boot.,Not Fixed,
rgrp-lta-bmms-uat-04,Microsoft.Compute/virtualMachines,windowswebserversshouldbeconfiguredtousesecurecommunicationprotocolsmonitoringeffect,/providers/microsoft.authorization/policydefinitions/5752e6d6-1206-46d8-8ab1-ecc2f71a8112,vmuatmscwablr01,Windows web servers should use secure communication protocols such as HTTPS.,,
rgrp-lta-bmms-uat-05,Microsoft.Compute/virtualMachines,linuxvirtualmachineshouldusesignedandtrustedbootcomponenteffect,/providers/microsoft.authorization/policydefinitions/13a6c84f-49a5-410a-b5df-5b880c3fe009,vmuataaccocpm01,Linux virtual machines should use signed and trusted boot components for secure boot.,,
rgrp-lta-bmms-uat-05,Microsoft.Compute/virtualMachines,linuxvirtualmachineshouldusesignedandtrustedbootcomponenteffect,/providers/microsoft.authorization/policydefinitions/13a6c84f-49a5-410a-b5df-5b880c3fe009,vmuataaccocpm02,Linux virtual machines should use signed and trusted boot components for secure boot.,,
rgrp-lta-bmms-uat-05,Microsoft.Compute/virtualMachines,linuxvirtualmachineshouldusesignedandtrustedbootcomponenteffect,/providers/microsoft.authorization/policydefinitions/13a6c84f-49a5-410a-b5df-5b880c3fe009,vmuataaccocpm03,Linux virtual machines should use signed and trusted boot components for secure boot.,,
rgrp-lta-bmms-uat-05,Microsoft.Compute/virtualMachines,linuxvirtualmachineshouldusesignedandtrustedbootcomponenteffect,/providers/microsoft.authorization/policydefinitions/13a6c84f-49a5-410a-b5df-5b880c3fe009,vmuataaccocpw01-lmhtz,Linux virtual machines should use signed and trusted boot components for secure boot.,,
rgrp-lta-bmms-uat-05,Microsoft.Compute/virtualMachines,linuxvirtualmachineshouldusesignedandtrustedbootcomponenteffect,/providers/microsoft.authorization/policydefinitions/13a6c84f-49a5-410a-b5df-5b880c3fe009,vmuataaccocpw02-w7kdb,Linux virtual machines should use signed and trusted boot components for secure boot.,,
rgrp-lta-bmms-uat-05,Microsoft.Compute/virtualMachines,linuxvirtualmachineshouldusesignedandtrustedbootcomponenteffect,/providers/microsoft.authorization/policydefinitions/13a6c84f-49a5-410a-b5df-5b880c3fe009,vmuataaccocpw03-dqrb2,Linux virtual machines should use signed and trusted boot components for secure boot.,,
rgrp-lta-bmms-uat-01,Microsoft.Compute/virtualMachines,authenticationtolinuxmachinesshouldrequiresshkeysmonitoringeffect,/providers/microsoft.authorization/policydefinitions/630c64f9-8b6b-4c64-b511-6544ceff6fd6,paloalto-firewall,SSH keys should be required for authentication to Linux machines for secure access.,,
rgrp-lta-bmms-uat-05,Microsoft.Compute/virtualMachines,networksecuritygroupsonvirtualmachinesmonitoring,/providers/microsoft.authorization/policydefinitions/f6de0be7-9a8a-4b8a-b349-43cf02d22f7c,ocp4-x0f48-bootstrap,Network Security Groups (NSGs) should be applied to all virtual machines.,Not Fixed,
rgrp-lta-bmms-uat-01,Microsoft.Compute/virtualMachines,networksecuritygroupsonvirtualmachinesmonitoring,/providers/microsoft.authorization/policydefinitions/f6de0be7-9a8a-4b8a-b349-43cf02d22f7c,paloalto-firewall,Network Security Groups (NSGs) should be applied to all virtual machines.,Not Fixed,Use Bastion already
rgrp-lta-bmms-uat-05,Microsoft.Compute/virtualMachines,networksecuritygroupsonvirtualmachinesmonitoring,/providers/microsoft.authorization/policydefinitions/f6de0be7-9a8a-4b8a-b349-43cf02d22f7c,vmuataaccocpm01,Network Security Groups (NSGs) should be applied to all virtual machines.,,
rgrp-lta-bmms-uat-05,Microsoft.Compute/virtualMachines,networksecuritygroupsonvirtualmachinesmonitoring,/providers/microsoft.authorization/policydefinitions/f6de0be7-9a8a-4b8a-b349-43cf02d22f7c,vmuataaccocpm02,Network Security Groups (NSGs) should be applied to all virtual machines.,,
rgrp-lta-bmms-uat-05,Microsoft.Compute/virtualMachines,networksecuritygroupsonvirtualmachinesmonitoring,/providers/microsoft.authorization/policydefinitions/f6de0be7-9a8a-4b8a-b349-43cf02d22f7c,vmuataaccocpm03,Network Security Groups (NSGs) should be applied to all virtual machines.,,
rgrp-lta-bmms-uat-05,Microsoft.Compute/virtualMachines,networksecuritygroupsonvirtualmachinesmonitoring,/providers/microsoft.authorization/policydefinitions/f6de0be7-9a8a-4b8a-b349-43cf02d22f7c,vmuataaccocpw01-lmhtz,Network Security Groups (NSGs) should be applied to all virtual machines.,,
rgrp-lta-bmms-uat-05,Microsoft.Compute/virtualMachines,networksecuritygroupsonvirtualmachinesmonitoring,/providers/microsoft.authorization/policydefinitions/f6de0be7-9a8a-4b8a-b349-43cf02d22f7c,vmuataaccocpw02-w7kdb,Network Security Groups (NSGs) should be applied to all virtual machines.,,
rgrp-lta-bmms-uat-05,Microsoft.Compute/virtualMachines,networksecuritygroupsonvirtualmachinesmonitoring,/providers/microsoft.authorization/policydefinitions/f6de0be7-9a8a-4b8a-b349-43cf02d22f7c,vmuataaccocpw03-dqrb2,Network Security Groups (NSGs) should be applied to all virtual machines.,,
rgrp-lta-bmms-uat-03,Microsoft.Compute/virtualMachines,networksecuritygroupsonvirtualmachinesmonitoring,/providers/microsoft.authorization/policydefinitions/f6de0be7-9a8a-4b8a-b349-43cf02d22f7c,vmuataapwdata01,Network Security Groups (NSGs) should be applied to all virtual machines.,Not Fixed,Use Bastion already
rgrp-lta-bmms-uat-04,Microsoft.Compute/virtualMachines,networksecuritygroupsonvirtualmachinesmonitoring,/providers/microsoft.authorization/policydefinitions/f6de0be7-9a8a-4b8a-b349-43cf02d22f7c,vmuatmcowcon01,Network Security Groups (NSGs) should be applied to all virtual machines.,Not Fixed,Use Bastion already
rgrp-lta-bmms-uat-04,Microsoft.Compute/virtualMachines,networksecuritygroupsonvirtualmachinesmonitoring,/providers/microsoft.authorization/policydefinitions/f6de0be7-9a8a-4b8a-b349-43cf02d22f7c,vmuatmidwad01,Network Security Groups (NSGs) should be applied to all virtual machines.,Not Fixed,Use Bastion already
rgrp-lta-bmms-uat-04,Microsoft.Compute/virtualMachines,networksecuritygroupsonvirtualmachinesmonitoring,/providers/microsoft.authorization/policydefinitions/f6de0be7-9a8a-4b8a-b349-43cf02d22f7c,vmuatmpmwwsus01,Network Security Groups (NSGs) should be applied to all virtual machines.,Not Fixed,Use Bastion already
rgrp-lta-bmms-uat-04,Microsoft.Compute/virtualMachines,networksecuritygroupsonvirtualmachinesmonitoring,/providers/microsoft.authorization/policydefinitions/f6de0be7-9a8a-4b8a-b349-43cf02d22f7c,vmuatmscnness01,Network Security Groups (NSGs) should be applied to all virtual machines.,Not Fixed,Use Bastion already
rgrp-lta-bmms-uat-04,Microsoft.Compute/virtualMachines,networksecuritygroupsonvirtualmachinesmonitoring,/providers/microsoft.authorization/policydefinitions/f6de0be7-9a8a-4b8a-b349-43cf02d22f7c,vmuatmscwablr01,Network Security Groups (NSGs) should be applied to all virtual machines.,Not Fixed,Use Bastion already
rgrp-lta-bmms-uat-05,Microsoft.Compute/virtualMachines,networksecuritygroupsoninternalvirtualmachinesmonitoring,/providers/microsoft.authorization/policydefinitions/bb91dfba-c30d-4263-9add-9c2384e659a6,ocp4-x0f48-bootstrap,Network Security Groups (NSGs) should be applied to internal virtual machines.,Not Fixed,
rgrp-lta-bmms-uat-01,Microsoft.Compute/virtualMachines,networksecuritygroupsoninternalvirtualmachinesmonitoring,/providers/microsoft.authorization/policydefinitions/bb91dfba-c30d-4263-9add-9c2384e659a6,paloalto-firewall,Network Security Groups (NSGs) should be applied to internal virtual machines.,Not Fixed,Use Bastion already
rgrp-lta-bmms-uat-05,Microsoft.Compute/virtualMachines,networksecuritygroupsoninternalvirtualmachinesmonitoring,/providers/microsoft.authorization/policydefinitions/bb91dfba-c30d-4263-9add-9c2384e659a6,vmuataaccocpm01,Network Security Groups (NSGs) should be applied to internal virtual machines.,,
rgrp-lta-bmms-uat-05,Microsoft.Compute/virtualMachines,networksecuritygroupsoninternalvirtualmachinesmonitoring,/providers/microsoft.authorization/policydefinitions/bb91dfba-c30d-4263-9add-9c2384e659a6,vmuataaccocpm02,Network Security Groups (NSGs) should be applied to internal virtual machines.,,
rgrp-lta-bmms-uat-05,Microsoft.Compute/virtualMachines,networksecuritygroupsoninternalvirtualmachinesmonitoring,/providers/microsoft.authorization/policydefinitions/bb91dfba-c30d-4263-9add-9c2384e659a6,vmuataaccocpm03,Network Security Groups (NSGs) should be applied to internal virtual machines.,,
rgrp-lta-bmms-uat-05,Microsoft.Compute/virtualMachines,networksecuritygroupsoninternalvirtualmachinesmonitoring,/providers/microsoft.authorization/policydefinitions/bb91dfba-c30d-4263-9add-9c2384e659a6,vmuataaccocpw01-lmhtz,Network Security Groups (NSGs) should be applied to internal virtual machines.,,
rgrp-lta-bmms-uat-05,Microsoft.Compute/virtualMachines,networksecuritygroupsoninternalvirtualmachinesmonitoring,/providers/microsoft.authorization/policydefinitions/bb91dfba-c30d-4263-9add-9c2384e659a6,vmuataaccocpw02-w7kdb,Network Security Groups (NSGs) should be applied to internal virtual machines.,,
rgrp-lta-bmms-uat-05,Microsoft.Compute/virtualMachines,networksecuritygroupsoninternalvirtualmachinesmonitoring,/providers/microsoft.authorization/policydefinitions/bb91dfba-c30d-4263-9add-9c2384e659a6,vmuataaccocpw03-dqrb2,Network Security Groups (NSGs) should be applied to internal virtual machines.,,
rgrp-lta-bmms-uat-03,Microsoft.Compute/virtualMachines,networksecuritygroupsoninternalvirtualmachinesmonitoring,/providers/microsoft.authorization/policydefinitions/bb91dfba-c30d-4263-9add-9c2384e659a6,vmuataapwdata01,Network Security Groups (NSGs) should be applied to internal virtual machines.,Not Fixed,Use Bastion already
rgrp-lta-bmms-uat-04,Microsoft.Compute/virtualMachines,networksecuritygroupsoninternalvirtualmachinesmonitoring,/providers/microsoft.authorization/policydefinitions/bb91dfba-c30d-4263-9add-9c2384e659a6,vmuatmcowcon01,Network Security Groups (NSGs) should be applied to internal virtual machines.,Not Fixed,Use Bastion already
rgrp-lta-bmms-uat-04,Microsoft.Compute/virtualMachines,networksecuritygroupsoninternalvirtualmachinesmonitoring,/providers/microsoft.authorization/policydefinitions/bb91dfba-c30d-4263-9add-9c2384e659a6,vmuatmidwad01,Network Security Groups (NSGs) should be applied to internal virtual machines.,Not Fixed,Use Bastion already
rgrp-lta-bmms-uat-04,Microsoft.Compute/virtualMachines,networksecuritygroupsoninternalvirtualmachinesmonitoring,/providers/microsoft.authorization/policydefinitions/bb91dfba-c30d-4263-9add-9c2384e659a6,vmuatmpmwwsus01,Network Security Groups (NSGs) should be applied to internal virtual machines.,Not Fixed,Use Bastion already
rgrp-lta-bmms-uat-04,Microsoft.Compute/virtualMachines,networksecuritygroupsoninternalvirtualmachinesmonitoring,/providers/microsoft.authorization/policydefinitions/bb91dfba-c30d-4263-9add-9c2384e659a6,vmuatmscnness01,Network Security Groups (NSGs) should be applied to internal virtual machines.,Not Fixed,Use Bastion already
rgrp-lta-bmms-uat-04,Microsoft.Compute/virtualMachines,networksecuritygroupsoninternalvirtualmachinesmonitoring,/providers/microsoft.authorization/policydefinitions/bb91dfba-c30d-4263-9add-9c2384e659a6,vmuatmscwablr01,Network Security Groups (NSGs) should be applied to internal virtual machines.,Not Fixed,Use Bastion already
rgrp-lta-bmms-uat-05,Microsoft.Compute/virtualMachines,nextgenerationfirewallmonitoring,/providers/microsoft.authorization/policydefinitions/9daedab3-fb2d-461e-b861-71790eead4f6,ocp4-x0f48-bootstrap,Next-generation firewalls should be enabled to enhance network security.,Not Fixed,
rgrp-lta-bmms-uat-04,Microsoft.Compute/virtualMachines,authenticationtolinuxmachinesshouldrequiresshkeysmonitoringeffect,/providers/microsoft.authorization/policydefinitions/630c64f9-8b6b-4c64-b511-6544ceff6fd6,vmuatmscnness01,SSH keys should be required for authentication to Linux machines for secure access.,,
rgrp-lta-bmms-uat-05,Microsoft.Compute/virtualMachines,nextgenerationfirewallmonitoring,/providers/microsoft.authorization/policydefinitions/9daedab3-fb2d-461e-b861-71790eead4f6,vmuataaccocpm01,Next-generation firewalls should be enabled to enhance network security.,,
rgrp-lta-bmms-uat-05,Microsoft.Compute/virtualMachines,nextgenerationfirewallmonitoring,/providers/microsoft.authorization/policydefinitions/9daedab3-fb2d-461e-b861-71790eead4f6,vmuataaccocpm02,Next-generation firewalls should be enabled to enhance network security.,,
rgrp-lta-bmms-uat-05,Microsoft.Compute/virtualMachines,nextgenerationfirewallmonitoring,/providers/microsoft.authorization/policydefinitions/9daedab3-fb2d-461e-b861-71790eead4f6,vmuataaccocpm03,Next-generation firewalls should be enabled to enhance network security.,,
rgrp-lta-bmms-uat-05,Microsoft.Compute/virtualMachines,nextgenerationfirewallmonitoring,/providers/microsoft.authorization/policydefinitions/9daedab3-fb2d-461e-b861-71790eead4f6,vmuataaccocpw01-lmhtz,Next-generation firewalls should be enabled to enhance network security.,,
rgrp-lta-bmms-uat-05,Microsoft.Compute/virtualMachines,nextgenerationfirewallmonitoring,/providers/microsoft.authorization/policydefinitions/9daedab3-fb2d-461e-b861-71790eead4f6,vmuataaccocpw02-w7kdb,Next-generation firewalls should be enabled to enhance network security.,,
rgrp-lta-bmms-uat-05,Microsoft.Compute/virtualMachines,nextgenerationfirewallmonitoring,/providers/microsoft.authorization/policydefinitions/9daedab3-fb2d-461e-b861-71790eead4f6,vmuataaccocpw03-dqrb2,Next-generation firewalls should be enabled to enhance network security.,,
rgrp-lta-bmms-uat-03,Microsoft.Compute/virtualMachines,windowsguestconfigbaselinesmonitoring,/providers/microsoft.authorization/policydefinitions/72650e9f-97bc-4b2a-ab5f-9781a9fcecbc,vmuataapwdata01,Windows virtual machines should comply with guest configuration baselines.,,
rgrp-lta-bmms-uat-04,Microsoft.Compute/virtualMachines,windowsguestconfigbaselinesmonitoring,/providers/microsoft.authorization/policydefinitions/72650e9f-97bc-4b2a-ab5f-9781a9fcecbc,vmuatmcowcon01,Windows virtual machines should comply with guest configuration baselines.,,
rgrp-lta-bmms-uat-04,Microsoft.Compute/virtualMachines,windowsguestconfigbaselinesmonitoring,/providers/microsoft.authorization/policydefinitions/72650e9f-97bc-4b2a-ab5f-9781a9fcecbc,vmuatmidwad01,Windows virtual machines should comply with guest configuration baselines.,Fixed,
rgrp-lta-bmms-uat-04,Microsoft.Compute/virtualMachines,windowsguestconfigbaselinesmonitoring,/providers/microsoft.authorization/policydefinitions/72650e9f-97bc-4b2a-ab5f-9781a9fcecbc,vmuatmpmwwsus01,Windows virtual machines should comply with guest configuration baselines.,,
rgrp-lta-bmms-uat-04,Microsoft.Compute/virtualMachines,windowsguestconfigbaselinesmonitoring,/providers/microsoft.authorization/policydefinitions/72650e9f-97bc-4b2a-ab5f-9781a9fcecbc,vmuatmscwablr01,Windows virtual machines should comply with guest configuration baselines.,,
rgrp-lta-bmms-uat-01,Microsoft.Compute/virtualMachines,nextgenerationfirewallmonitoring,/providers/microsoft.authorization/policydefinitions/9daedab3-fb2d-461e-b861-71790eead4f6,paloalto-firewall,Next-generation firewalls should be enabled to enhance network security.,,
rgrp-lta-bmms-uat-05,Microsoft.Compute/virtualMachines,serversecretfindingsmonitoring,/providers/microsoft.authorization/policydefinitions/3ac7c827-eea2-4bde-acc7-9568cd320efa,ocp4-x0f48-bootstrap,Servers should monitor and report secret findings to prevent unauthorized access.,Not Fixed,
rgrp-lta-bmms-uat-05,Microsoft.Compute/virtualMachines,serversecretfindingsmonitoring,/providers/microsoft.authorization/policydefinitions/3ac7c827-eea2-4bde-acc7-9568cd320efa,vmuataaccocpw01-lmhtz,Servers should monitor and report secret findings to prevent unauthorized access.,,
rgrp-lta-bmms-uat-05,Microsoft.Compute/virtualMachines,serversecretfindingsmonitoring,/providers/microsoft.authorization/policydefinitions/3ac7c827-eea2-4bde-acc7-9568cd320efa,vmuataaccocpw02-w7kdb,Servers should monitor and report secret findings to prevent unauthorized access.,,
rgrp-lta-bmms-uat-05,Microsoft.Compute/virtualMachines,serversecretfindingsmonitoring,/providers/microsoft.authorization/policydefinitions/3ac7c827-eea2-4bde-acc7-9568cd320efa,vmuataaccocpw03-dqrb2,Servers should monitor and report secret findings to prevent unauthorized access.,,
rgrp-lta-bmms-uat-05,Microsoft.Compute/virtualMachines,servervulnerabilityassessment,/providers/microsoft.authorization/policydefinitions/501541f7-f7e7-4cd6-868c-4190fdad3ac9,ocp4-x0f48-bootstrap,Servers should undergo vulnerability assessments to identify security weaknesses.,Not Fixed,
rgrp-lta-bmms-uat-03,Microsoft.Compute/virtualMachines,nextgenerationfirewallmonitoring,/providers/microsoft.authorization/policydefinitions/9daedab3-fb2d-461e-b861-71790eead4f6,vmuataapwdata01,Next-generation firewalls should be enabled to enhance network security.,,
rgrp-lta-bmms-uat-05,Microsoft.Compute/virtualMachines,servervulnerabilityassessment,/providers/microsoft.authorization/policydefinitions/501541f7-f7e7-4cd6-868c-4190fdad3ac9,vmuataaccocpm01,Servers should undergo vulnerability assessments to identify security weaknesses.,,
rgrp-lta-bmms-uat-05,Microsoft.Compute/virtualMachines,servervulnerabilityassessment,/providers/microsoft.authorization/policydefinitions/501541f7-f7e7-4cd6-868c-4190fdad3ac9,vmuataaccocpm02,Servers should undergo vulnerability assessments to identify security weaknesses.,,
rgrp-lta-bmms-uat-05,Microsoft.Compute/virtualMachines,servervulnerabilityassessment,/providers/microsoft.authorization/policydefinitions/501541f7-f7e7-4cd6-868c-4190fdad3ac9,vmuataaccocpm03,Servers should undergo vulnerability assessments to identify security weaknesses.,,
rgrp-lta-bmms-uat-05,Microsoft.Compute/virtualMachines,servervulnerabilityassessment,/providers/microsoft.authorization/policydefinitions/501541f7-f7e7-4cd6-868c-4190fdad3ac9,vmuataaccocpw01-lmhtz,Servers should undergo vulnerability assessments to identify security weaknesses.,,
rgrp-lta-bmms-uat-05,Microsoft.Compute/virtualMachines,servervulnerabilityassessment,/providers/microsoft.authorization/policydefinitions/501541f7-f7e7-4cd6-868c-4190fdad3ac9,vmuataaccocpw02-w7kdb,Servers should undergo vulnerability assessments to identify security weaknesses.,,
rgrp-lta-bmms-uat-05,Microsoft.Compute/virtualMachines,servervulnerabilityassessment,/providers/microsoft.authorization/policydefinitions/501541f7-f7e7-4cd6-868c-4190fdad3ac9,vmuataaccocpw03-dqrb2,Servers should undergo vulnerability assessments to identify security weaknesses.,,
rgrp-lta-bmms-uat-04,Microsoft.Compute/virtualMachines,nextgenerationfirewallmonitoring,/providers/microsoft.authorization/policydefinitions/9daedab3-fb2d-461e-b861-71790eead4f6,vmuatmcowcon01,Next-generation firewalls should be enabled to enhance network security.,,
rgrp-lta-bmms-uat-04,Microsoft.Compute/virtualMachines,nextgenerationfirewallmonitoring,/providers/microsoft.authorization/policydefinitions/9daedab3-fb2d-461e-b861-71790eead4f6,vmuatmidwad01,Next-generation firewalls should be enabled to enhance network security.,Fixed,
rgrp-lta-bmms-uat-04,Microsoft.Compute/virtualMachines,nextgenerationfirewallmonitoring,/providers/microsoft.authorization/policydefinitions/9daedab3-fb2d-461e-b861-71790eead4f6,vmuatmpmwwsus01,Next-generation firewalls should be enabled to enhance network security.,,
rgrp-lta-bmms-uat-04,Microsoft.Compute/virtualMachines,nextgenerationfirewallmonitoring,/providers/microsoft.authorization/policydefinitions/9daedab3-fb2d-461e-b861-71790eead4f6,vmuatmscnness01,Next-generation firewalls should be enabled to enhance network security.,,
rgrp-lta-bmms-uat-04,Microsoft.Compute/virtualMachines,nextgenerationfirewallmonitoring,/providers/microsoft.authorization/policydefinitions/9daedab3-fb2d-461e-b861-71790eead4f6,vmuatmscwablr01,Next-generation firewalls should be enabled to enhance network security.,,
rgrp-lta-bmms-uat-01,Microsoft.Network/virtualNetworks,vnetenableddosprotectionmonitoring,/providers/microsoft.authorization/policydefinitions/a7aca53f-2ed4-4466-a25e-0b45ade68efd,cmt-lta-bmms-uat-internet-01,Virtual networks should have DDoS protection enabled to prevent attacks.,,
rgrp-lta-bmms-uat-05,Microsoft.Compute/virtualMachines,serversqldbvulnerabilityassesmentmonitoring,/providers/microsoft.authorization/policydefinitions/6ba6d016-e7c3-4842-b8f2-4992ebc0d72d,ocp4-x0f48-bootstrap,SQL databases should undergo vulnerability assessments to identify and mitigate risks.,Not Fixed,
rgrp-lta-bmms-uat-01,Microsoft.Compute/virtualMachines,serversqldbvulnerabilityassesmentmonitoring,/providers/microsoft.authorization/policydefinitions/6ba6d016-e7c3-4842-b8f2-4992ebc0d72d,paloalto-firewall,SQL databases should undergo vulnerability assessments to identify and mitigate risks.,Not Fixed,Not using SQL DB
rgrp-lta-bmms-uat-05,Microsoft.Compute/virtualMachines,serversqldbvulnerabilityassesmentmonitoring,/providers/microsoft.authorization/policydefinitions/6ba6d016-e7c3-4842-b8f2-4992ebc0d72d,vmuataaccocpm01,SQL databases should undergo vulnerability assessments to identify and mitigate risks.,,
rgrp-lta-bmms-uat-05,Microsoft.Compute/virtualMachines,serversqldbvulnerabilityassesmentmonitoring,/providers/microsoft.authorization/policydefinitions/6ba6d016-e7c3-4842-b8f2-4992ebc0d72d,vmuataaccocpm02,SQL databases should undergo vulnerability assessments to identify and mitigate risks.,,
rgrp-lta-bmms-uat-05,Microsoft.Compute/virtualMachines,serversqldbvulnerabilityassesmentmonitoring,/providers/microsoft.authorization/policydefinitions/6ba6d016-e7c3-4842-b8f2-4992ebc0d72d,vmuataaccocpm03,SQL databases should undergo vulnerability assessments to identify and mitigate risks.,,
rgrp-lta-bmms-uat-05,Microsoft.Compute/virtualMachines,serversqldbvulnerabilityassesmentmonitoring,/providers/microsoft.authorization/policydefinitions/6ba6d016-e7c3-4842-b8f2-4992ebc0d72d,vmuataaccocpw01-lmhtz,SQL databases should undergo vulnerability assessments to identify and mitigate risks.,,
rgrp-lta-bmms-uat-05,Microsoft.Compute/virtualMachines,serversqldbvulnerabilityassesmentmonitoring,/providers/microsoft.authorization/policydefinitions/6ba6d016-e7c3-4842-b8f2-4992ebc0d72d,vmuataaccocpw02-w7kdb,SQL databases should undergo vulnerability assessments to identify and mitigate risks.,,
rgrp-lta-bmms-uat-05,Microsoft.Compute/virtualMachines,serversqldbvulnerabilityassesmentmonitoring,/providers/microsoft.authorization/policydefinitions/6ba6d016-e7c3-4842-b8f2-4992ebc0d72d,vmuataaccocpw03-dqrb2,SQL databases should undergo vulnerability assessments to identify and mitigate risks.,,
rgrp-lta-bmms-uat-03,Microsoft.Compute/virtualMachines,serversqldbvulnerabilityassesmentmonitoring,/providers/microsoft.authorization/policydefinitions/6ba6d016-e7c3-4842-b8f2-4992ebc0d72d,vmuataapwdata01,SQL databases should undergo vulnerability assessments to identify and mitigate risks.,Not Fixed,Not using SQL DB
rgrp-lta-bmms-uat-04,Microsoft.Compute/virtualMachines,serversqldbvulnerabilityassesmentmonitoring,/providers/microsoft.authorization/policydefinitions/6ba6d016-e7c3-4842-b8f2-4992ebc0d72d,vmuatmcowcon01,SQL databases should undergo vulnerability assessments to identify and mitigate risks.,Not Fixed,Not using SQL DB
rgrp-lta-bmms-uat-04,Microsoft.Compute/virtualMachines,serversqldbvulnerabilityassesmentmonitoring,/providers/microsoft.authorization/policydefinitions/6ba6d016-e7c3-4842-b8f2-4992ebc0d72d,vmuatmidwad01,SQL databases should undergo vulnerability assessments to identify and mitigate risks.,Not Fixed,Not using SQL DB
rgrp-lta-bmms-uat-04,Microsoft.Compute/virtualMachines,serversqldbvulnerabilityassesmentmonitoring,/providers/microsoft.authorization/policydefinitions/6ba6d016-e7c3-4842-b8f2-4992ebc0d72d,vmuatmpmwwsus01,SQL databases should undergo vulnerability assessments to identify and mitigate risks.,Not Fixed,Not using SQL DB
rgrp-lta-bmms-uat-04,Microsoft.Compute/virtualMachines,serversqldbvulnerabilityassesmentmonitoring,/providers/microsoft.authorization/policydefinitions/6ba6d016-e7c3-4842-b8f2-4992ebc0d72d,vmuatmscnness01,SQL databases should undergo vulnerability assessments to identify and mitigate risks.,Not Fixed,Not using SQL DB
rgrp-lta-bmms-uat-04,Microsoft.Compute/virtualMachines,serversqldbvulnerabilityassesmentmonitoring,/providers/microsoft.authorization/policydefinitions/6ba6d016-e7c3-4842-b8f2-4992ebc0d72d,vmuatmscwablr01,SQL databases should undergo vulnerability assessments to identify and mitigate risks.,Not Fixed,Not using SQL DB
rgrp-lta-bmms-uat-05,Microsoft.Compute/virtualMachines,authenticationtolinuxmachinesshouldrequiresshkeysmonitoringeffect,/providers/microsoft.authorization/policydefinitions/630c64f9-8b6b-4c64-b511-6544ceff6fd6,ocp4-x0f48-bootstrap,SSH keys should be required for authentication to Linux machines for secure access.,Not Fixed,
rgrp-lta-bmms-uat-01,Microsoft.Compute/virtualMachines,disableipforwardingmonitoring,/providers/microsoft.authorization/policydefinitions/bd352bd5-2853-4985-bf0d-73806b4a5744,paloalto-firewall,IP forwarding should be disabled to prevent unauthorized routing of traffic.,,
rgrp-lta-bmms-uat-05,Microsoft.Compute/virtualMachines,authenticationtolinuxmachinesshouldrequiresshkeysmonitoringeffect,/providers/microsoft.authorization/policydefinitions/630c64f9-8b6b-4c64-b511-6544ceff6fd6,vmuataaccocpm01,SSH keys should be required for authentication to Linux machines for secure access.,,
rgrp-lta-bmms-uat-05,Microsoft.Compute/virtualMachines,authenticationtolinuxmachinesshouldrequiresshkeysmonitoringeffect,/providers/microsoft.authorization/policydefinitions/630c64f9-8b6b-4c64-b511-6544ceff6fd6,vmuataaccocpm02,SSH keys should be required for authentication to Linux machines for secure access.,,
rgrp-lta-bmms-uat-05,Microsoft.Compute/virtualMachines,authenticationtolinuxmachinesshouldrequiresshkeysmonitoringeffect,/providers/microsoft.authorization/policydefinitions/630c64f9-8b6b-4c64-b511-6544ceff6fd6,vmuataaccocpm03,SSH keys should be required for authentication to Linux machines for secure access.,,
rgrp-lta-bmms-uat-05,Microsoft.Compute/virtualMachines,authenticationtolinuxmachinesshouldrequiresshkeysmonitoringeffect,/providers/microsoft.authorization/policydefinitions/630c64f9-8b6b-4c64-b511-6544ceff6fd6,vmuataaccocpw01-lmhtz,SSH keys should be required for authentication to Linux machines for secure access.,,
rgrp-lta-bmms-uat-05,Microsoft.Compute/virtualMachines,authenticationtolinuxmachinesshouldrequiresshkeysmonitoringeffect,/providers/microsoft.authorization/policydefinitions/630c64f9-8b6b-4c64-b511-6544ceff6fd6,vmuataaccocpw02-w7kdb,SSH keys should be required for authentication to Linux machines for secure access.,,
rgrp-lta-bmms-uat-05,Microsoft.Compute/virtualMachines,authenticationtolinuxmachinesshouldrequiresshkeysmonitoringeffect,/providers/microsoft.authorization/policydefinitions/630c64f9-8b6b-4c64-b511-6544ceff6fd6,vmuataaccocpw03-dqrb2,SSH keys should be required for authentication to Linux machines for secure access.,,
rgrp-lta-bmms-uat-03,Microsoft.Compute/virtualMachines,disableipforwardingmonitoring,/providers/microsoft.authorization/policydefinitions/bd352bd5-2853-4985-bf0d-73806b4a5744,vmuataapwdata01,IP forwarding should be disabled to prevent unauthorized routing of traffic.,,
rgrp-lta-bmms-uat-05,Microsoft.Compute/virtualMachines,systemconfigurationsmonitoring,/providers/microsoft.authorization/policydefinitions/e1e5fd5d-3e4c-4ce1-8661-7d1873ae6b15,ocp4-x0f48-bootstrap,System configurations should be monitored to ensure compliance with security policies.,Not Fixed,
rgrp-lta-bmms-uat-05,Microsoft.Compute/virtualMachines,systemconfigurationsmonitoring,/providers/microsoft.authorization/policydefinitions/e1e5fd5d-3e4c-4ce1-8661-7d1873ae6b15,vmuataaccocpw01-lmhtz,System configurations should be monitored to ensure compliance with security policies.,,
rgrp-lta-bmms-uat-05,Microsoft.Compute/virtualMachines,systemconfigurationsmonitoring,/providers/microsoft.authorization/policydefinitions/e1e5fd5d-3e4c-4ce1-8661-7d1873ae6b15,vmuataaccocpw02-w7kdb,System configurations should be monitored to ensure compliance with security policies.,,
rgrp-lta-bmms-uat-05,Microsoft.Compute/virtualMachines,systemconfigurationsmonitoring,/providers/microsoft.authorization/policydefinitions/e1e5fd5d-3e4c-4ce1-8661-7d1873ae6b15,vmuataaccocpw03-dqrb2,System configurations should be monitored to ensure compliance with security policies.,,
rgrp-lta-bmms-uat-05,Microsoft.Compute/virtualMachines,systemupdatesautoassessmentmode,/providers/microsoft.authorization/policydefinitions/bd876905-5b84-4f73-ab2d-2e7a7c4568d9,ocp4-x0f48-bootstrap,System updates should be automatically assessed to ensure compliance.,Not Fixed,
rgrp-lta-bmms-uat-05,Microsoft.Compute/virtualMachines,systemupdatesautoassessmentmode,/providers/microsoft.authorization/policydefinitions/bd876905-5b84-4f73-ab2d-2e7a7c4568d9,vmuataaccocpm01,System updates should be automatically assessed to ensure compliance.,,
rgrp-lta-bmms-uat-05,Microsoft.Compute/virtualMachines,systemupdatesautoassessmentmode,/providers/microsoft.authorization/policydefinitions/bd876905-5b84-4f73-ab2d-2e7a7c4568d9,vmuataaccocpm02,System updates should be automatically assessed to ensure compliance.,,
rgrp-lta-bmms-uat-05,Microsoft.Compute/virtualMachines,systemupdatesautoassessmentmode,/providers/microsoft.authorization/policydefinitions/bd876905-5b84-4f73-ab2d-2e7a7c4568d9,vmuataaccocpm03,System updates should be automatically assessed to ensure compliance.,,
rgrp-lta-bmms-uat-05,Microsoft.Compute/virtualMachines,systemupdatesautoassessmentmode,/providers/microsoft.authorization/policydefinitions/bd876905-5b84-4f73-ab2d-2e7a7c4568d9,vmuataaccocpw01-lmhtz,System updates should be automatically assessed to ensure compliance.,,
rgrp-lta-bmms-uat-05,Microsoft.Compute/virtualMachines,systemupdatesautoassessmentmode,/providers/microsoft.authorization/policydefinitions/bd876905-5b84-4f73-ab2d-2e7a7c4568d9,vmuataaccocpw02-w7kdb,System updates should be automatically assessed to ensure compliance.,,
rgrp-lta-bmms-uat-05,Microsoft.Compute/virtualMachines,systemupdatesautoassessmentmode,/providers/microsoft.authorization/policydefinitions/bd876905-5b84-4f73-ab2d-2e7a7c4568d9,vmuataaccocpw03-dqrb2,System updates should be automatically assessed to ensure compliance.,,
rgrp-lta-bmms-uat-04,Microsoft.Compute/virtualMachines,disableipforwardingmonitoring,/providers/microsoft.authorization/policydefinitions/bd352bd5-2853-4985-bf0d-73806b4a5744,vmuatmcowcon01,IP forwarding should be disabled to prevent unauthorized routing of traffic.,,
rgrp-lta-bmms-uat-04,Microsoft.Compute/virtualMachines,disableipforwardingmonitoring,/providers/microsoft.authorization/policydefinitions/bd352bd5-2853-4985-bf0d-73806b4a5744,vmuatmidwad01,IP forwarding should be disabled to prevent unauthorized routing of traffic.,Fixed,
rgrp-lta-bmms-uat-04,Microsoft.Compute/virtualMachines,disableipforwardingmonitoring,/providers/microsoft.authorization/policydefinitions/bd352bd5-2853-4985-bf0d-73806b4a5744,vmuatmpmwwsus01,IP forwarding should be disabled to prevent unauthorized routing of traffic.,,
rgrp-lta-bmms-uat-04,Microsoft.Compute/virtualMachines,disableipforwardingmonitoring,/providers/microsoft.authorization/policydefinitions/bd352bd5-2853-4985-bf0d-73806b4a5744,vmuatmscnness01,IP forwarding should be disabled to prevent unauthorized routing of traffic.,,
rgrp-lta-bmms-uat-04,Microsoft.Compute/virtualMachines,disableipforwardingmonitoring,/providers/microsoft.authorization/policydefinitions/bd352bd5-2853-4985-bf0d-73806b4a5744,vmuatmscwablr01,IP forwarding should be disabled to prevent unauthorized routing of traffic.,,
rgrp-lta-bmms-uat-05,Microsoft.Compute/virtualMachines,virtualmachinesandvirtualmachinescalesetsshouldhaveencryptionathostenabled,/providers/microsoft.authorization/policydefinitions/fc4d8e41-e223-45ea-9bf5-eada37891d87,ocp4-x0f48-bootstrap,Virtual machines and scale sets should have encryption enabled at the host level.,Not Fixed,
rgrp-lta-bmms-uat-03,Microsoft.Compute/virtualMachines,systemupdatesautoassessmentmode,/providers/microsoft.authorization/policydefinitions/bd876905-5b84-4f73-ab2d-2e7a7c4568d9,vmuataapwdata01,System updates should be automatically assessed to ensure compliance.,,
rgrp-lta-bmms-uat-05,Microsoft.Compute/virtualMachines,virtualmachinesandvirtualmachinescalesetsshouldhaveencryptionathostenabled,/providers/microsoft.authorization/policydefinitions/fc4d8e41-e223-45ea-9bf5-eada37891d87,vmuataaccocpm01,Virtual machines and scale sets should have encryption enabled at the host level.,,
rgrp-lta-bmms-uat-05,Microsoft.Compute/virtualMachines,virtualmachinesandvirtualmachinescalesetsshouldhaveencryptionathostenabled,/providers/microsoft.authorization/policydefinitions/fc4d8e41-e223-45ea-9bf5-eada37891d87,vmuataaccocpm02,Virtual machines and scale sets should have encryption enabled at the host level.,,
rgrp-lta-bmms-uat-05,Microsoft.Compute/virtualMachines,virtualmachinesandvirtualmachinescalesetsshouldhaveencryptionathostenabled,/providers/microsoft.authorization/policydefinitions/fc4d8e41-e223-45ea-9bf5-eada37891d87,vmuataaccocpm03,Virtual machines and scale sets should have encryption enabled at the host level.,,
rgrp-lta-bmms-uat-05,Microsoft.Compute/virtualMachines,virtualmachinesandvirtualmachinescalesetsshouldhaveencryptionathostenabled,/providers/microsoft.authorization/policydefinitions/fc4d8e41-e223-45ea-9bf5-eada37891d87,vmuataaccocpw01-lmhtz,Virtual machines and scale sets should have encryption enabled at the host level.,,
rgrp-lta-bmms-uat-05,Microsoft.Compute/virtualMachines,virtualmachinesandvirtualmachinescalesetsshouldhaveencryptionathostenabled,/providers/microsoft.authorization/policydefinitions/fc4d8e41-e223-45ea-9bf5-eada37891d87,vmuataaccocpw02-w7kdb,Virtual machines and scale sets should have encryption enabled at the host level.,,
rgrp-lta-bmms-uat-05,Microsoft.Compute/virtualMachines,virtualmachinesandvirtualmachinescalesetsshouldhaveencryptionathostenabled,/providers/microsoft.authorization/policydefinitions/fc4d8e41-e223-45ea-9bf5-eada37891d87,vmuataaccocpw03-dqrb2,Virtual machines and scale sets should have encryption enabled at the host level.,,
rgrp-lta-bmms-uat-03,Microsoft.Compute/virtualMachines,virtualmachinesandvirtualmachinescalesetsshouldhaveencryptionathostenabled,/providers/microsoft.authorization/policydefinitions/fc4d8e41-e223-45ea-9bf5-eada37891d87,vmuataapwdata01,Virtual machines and scale sets should have encryption enabled at the host level.,Not Fixed,The 'Microsoft.Compute/EncryptionAtHost' feature is not enabled for this subscription.
rgrp-lta-bmms-uat-04,Microsoft.Compute/virtualMachines,virtualmachinesandvirtualmachinescalesetsshouldhaveencryptionathostenabled,/providers/microsoft.authorization/policydefinitions/fc4d8e41-e223-45ea-9bf5-eada37891d87,vmuatmcowcon01,Virtual machines and scale sets should have encryption enabled at the host level.,Not Fixed,The 'Microsoft.Compute/EncryptionAtHost' feature is not enabled for this subscription.
rgrp-lta-bmms-uat-04,Microsoft.Compute/virtualMachines,virtualmachinesandvirtualmachinescalesetsshouldhaveencryptionathostenabled,/providers/microsoft.authorization/policydefinitions/fc4d8e41-e223-45ea-9bf5-eada37891d87,vmuatmidwad01,Virtual machines and scale sets should have encryption enabled at the host level.,Not Fixed,The 'Microsoft.Compute/EncryptionAtHost' feature is not enabled for this subscription.
rgrp-lta-bmms-uat-04,Microsoft.Compute/virtualMachines,virtualmachinesandvirtualmachinescalesetsshouldhaveencryptionathostenabled,/providers/microsoft.authorization/policydefinitions/fc4d8e41-e223-45ea-9bf5-eada37891d87,vmuatmpmwwsus01,Virtual machines and scale sets should have encryption enabled at the host level.,Not Fixed,The 'Microsoft.Compute/EncryptionAtHost' feature is not enabled for this subscription.
rgrp-lta-bmms-uat-04,Microsoft.Compute/virtualMachines,virtualmachinesandvirtualmachinescalesetsshouldhaveencryptionathostenabled,/providers/microsoft.authorization/policydefinitions/fc4d8e41-e223-45ea-9bf5-eada37891d87,vmuatmscnness01,Virtual machines and scale sets should have encryption enabled at the host level.,Not Fixed,The 'Microsoft.Compute/EncryptionAtHost' feature is not enabled for this subscription.
rgrp-lta-bmms-uat-04,Microsoft.Compute/virtualMachines,virtualmachinesandvirtualmachinescalesetsshouldhaveencryptionathostenabled,/providers/microsoft.authorization/policydefinitions/fc4d8e41-e223-45ea-9bf5-eada37891d87,vmuatmscwablr01,Virtual machines and scale sets should have encryption enabled at the host level.,Not Fixed,The 'Microsoft.Compute/EncryptionAtHost' feature is not enabled for this subscription.
rgrp-lta-bmms-uat-04,Microsoft.Compute/virtualMachines,systemupdatesautoassessmentmode,/providers/microsoft.authorization/policydefinitions/bd876905-5b84-4f73-ab2d-2e7a7c4568d9,vmuatmcowcon01,System updates should be automatically assessed to ensure compliance.,,
rgrp-lta-bmms-uat-04,Microsoft.Compute/virtualMachines,systemupdatesautoassessmentmode,/providers/microsoft.authorization/policydefinitions/bd876905-5b84-4f73-ab2d-2e7a7c4568d9,vmuatmidwad01,System updates should be automatically assessed to ensure compliance.,Fixed,
rgrp-lta-bmms-uat-04,Microsoft.Compute/virtualMachines,systemupdatesautoassessmentmode,/providers/microsoft.authorization/policydefinitions/bd876905-5b84-4f73-ab2d-2e7a7c4568d9,vmuatmpmwwsus01,System updates should be automatically assessed to ensure compliance.,,
rgrp-lta-bmms-uat-04,Microsoft.Compute/virtualMachines,systemupdatesautoassessmentmode,/providers/microsoft.authorization/policydefinitions/bd876905-5b84-4f73-ab2d-2e7a7c4568d9,vmuatmscwablr01,System updates should be automatically assessed to ensure compliance.,,
rgrp-lta-bmms-uat-03,Microsoft.Compute/virtualMachines,windowsdefenderexploitguardmonitoring,/providers/microsoft.authorization/policydefinitions/bed48b13-6647-468e-aa2f-1af1d3f4dd40,vmuataapwdata01,Windows Defender Exploit Guard should be enabled for advanced threat protection.,,
rgrp-lta-bmms-uat-03,Microsoft.Compute/virtualMachines,gcwindowsdiskencryptionmonitoring,/providers/microsoft.authorization/policydefinitions/3dc5edcd-002d-444c-b216-e123bbfa37c0,vmuataapwdata01,Windows disks should use encryption to secure data at rest.,Not Fixed,The 'Microsoft.Compute/EncryptionAtHost' feature is not enabled for this subscription.
rgrp-lta-bmms-uat-04,Microsoft.Compute/virtualMachines,gcwindowsdiskencryptionmonitoring,/providers/microsoft.authorization/policydefinitions/3dc5edcd-002d-444c-b216-e123bbfa37c0,vmuatmcowcon01,Windows disks should use encryption to secure data at rest.,Not Fixed,The 'Microsoft.Compute/EncryptionAtHost' feature is not enabled for this subscription.
rgrp-lta-bmms-uat-04,Microsoft.Compute/virtualMachines,gcwindowsdiskencryptionmonitoring,/providers/microsoft.authorization/policydefinitions/3dc5edcd-002d-444c-b216-e123bbfa37c0,vmuatmidwad01,Windows disks should use encryption to secure data at rest.,Not Fixed,The 'Microsoft.Compute/EncryptionAtHost' feature is not enabled for this subscription.
rgrp-lta-bmms-uat-04,Microsoft.Compute/virtualMachines,gcwindowsdiskencryptionmonitoring,/providers/microsoft.authorization/policydefinitions/3dc5edcd-002d-444c-b216-e123bbfa37c0,vmuatmpmwwsus01,Windows disks should use encryption to secure data at rest.,Not Fixed,The 'Microsoft.Compute/EncryptionAtHost' feature is not enabled for this subscription.
rgrp-lta-bmms-uat-04,Microsoft.Compute/virtualMachines,gcwindowsdiskencryptionmonitoring,/providers/microsoft.authorization/policydefinitions/3dc5edcd-002d-444c-b216-e123bbfa37c0,vmuatmscwablr01,Windows disks should use encryption to secure data at rest.,Not Fixed,The 'Microsoft.Compute/EncryptionAtHost' feature is not enabled for this subscription.
rgrp-lta-bmms-uat-04,Microsoft.Compute/virtualMachines,windowsdefenderexploitguardmonitoring,/providers/microsoft.authorization/policydefinitions/bed48b13-6647-468e-aa2f-1af1d3f4dd40,vmuatmcowcon01,Windows Defender Exploit Guard should be enabled for advanced threat protection.,,
rgrp-lta-bmms-uat-04,Microsoft.Compute/virtualMachines,windowsdefenderexploitguardmonitoring,/providers/microsoft.authorization/policydefinitions/bed48b13-6647-468e-aa2f-1af1d3f4dd40,vmuatmidwad01,Windows Defender Exploit Guard should be enabled for advanced threat protection.,Not Fixed,
rgrp-lta-bmms-uat-04,Microsoft.Compute/virtualMachines,windowsdefenderexploitguardmonitoring,/providers/microsoft.authorization/policydefinitions/bed48b13-6647-468e-aa2f-1af1d3f4dd40,vmuatmpmwwsus01,Windows Defender Exploit Guard should be enabled for advanced threat protection.,,
rgrp-lta-bmms-uat-04,Microsoft.Compute/virtualMachines,windowsdefenderexploitguardmonitoring,/providers/microsoft.authorization/policydefinitions/bed48b13-6647-468e-aa2f-1af1d3f4dd40,vmuatmscwablr01,Windows Defender Exploit Guard should be enabled for advanced threat protection.,,
rgrp-lta-bmms-uat-01,Microsoft.Compute/virtualMachines,gclinuxdiskencryptionmonitoring,/providers/microsoft.authorization/policydefinitions/ca88aadc-6e2b-416c-9de2-5a0f01d1693f,paloalto-firewall,Linux disks should use encryption to secure data at rest.,,
rgrp-lta-bmms-uat-04,Microsoft.Compute/virtualMachines,gclinuxdiskencryptionmonitoring,/providers/microsoft.authorization/policydefinitions/ca88aadc-6e2b-416c-9de2-5a0f01d1693f,vmuatmscnness01,Linux disks should use encryption to secure data at rest.,,
rgrp-lta-bmms-uat-04,Microsoft.KeyVault/vaults,diagnosticslogsinkeyvaultmonitoring,/providers/microsoft.authorization/policydefinitions/cf820ca0-f99e-4f3e-84fb-66e913812d21,kvltabmmsuatocp4x0f48,Diagnostic logs should be stored in Key Vault for secure storage.,,
rgrp-lta-bmms-uat-01,Microsoft.Compute/virtualMachines,virtualmachinesandvirtualmachinescalesetsshouldhaveencryptionathostenabled,/providers/microsoft.authorization/policydefinitions/fc4d8e41-e223-45ea-9bf5-eada37891d87,paloalto-firewall,Virtual machines and scale sets should have encryption enabled at the host level.,,
rgrp-lta-bmms-uat-01,Microsoft.Compute/virtualMachines,linuxguestconfigbaselinesmonitoring,/providers/microsoft.authorization/policydefinitions/fc9b3da7-8347-4380-8e70-0a0361d8dedd,paloalto-firewall,Linux virtual machines should comply with guest configuration baselines.,,
rgrp-lta-bmms-uat-04,Microsoft.Compute/virtualMachines,linuxguestconfigbaselinesmonitoring,/providers/microsoft.authorization/policydefinitions/fc9b3da7-8347-4380-8e70-0a0361d8dedd,vmuatmscnness01,Linux virtual machines should comply with guest configuration baselines.,,
